"Name","ParentDir"
"app.json",".obsidian"
"appearance.json",".obsidian"
"core-plugins.json",".obsidian"
"graph.json",".obsidian"
"workspace.json",".obsidian"
"index.md","00_System"
"log.md","00_System"
"prompt.md","00_System"
"schema.md","00_System"
"memory_strategy.md","01_Architecture"
"overview.md","01_Architecture"
"vision_system.md","01_Architecture"
"GeminiService.md","02_Components"
"JarvisViewModel.md","02_Components"
"LiveGeminiService.md","02_Components"
"LiveToolBridge.md","02_Components"
"catalogue.md","03_Tools"
"agp-9-upgrade.md","05_Android_Skills"
"edge-to-edge.md","05_Android_Skills"
"migrate-xml-views-to-jetpack-compose.md","05_Android_Skills"
"navigation-3.md","05_Android_Skills"
"play-billing-library-version-upgrade.md","05_Android_Skills"
"r8-analyzer.md","05_Android_Skills"
"gemini-api-dev.md","06_Gemini_Skills"
"gemini-live-api-dev.md","06_Gemini_Skills"
"00_Tool_to_Strategy_Map.md","07_Trading_Intelligence"
"01_Market_Cycles_Wyckoff.md","07_Trading_Intelligence"
"02_Institutional_Mechanics_ICT.md","07_Trading_Intelligence"
"03_Execution_SMC_V10.md","07_Trading_Intelligence"
"04_Momentum_and_Scanners.md","07_Trading_Intelligence"
"05_Sentiment_Analysis_Logic.md","07_Trading_Intelligence"
"06_The_Ultimate_Checklist_V12.5.md","07_Trading_Intelligence"
"07_Advanced_Analysis_V12.5.md","07_Trading_Intelligence"
"08_Universal_Trading_Unity_V14.0.md","07_Trading_Intelligence"
"08_Universal_Trading_Unity_V14.1.md","07_Trading_Intelligence"
"Android wrapper  Lightweight Charts.md","08_lightweight-charts-docs-api"
"Financial Widgets Collection.md","08_lightweight-charts-docs-api"
"Getting started  Lightweight Charts.md","08_lightweight-charts-docs-api"
"iOS wrapper  Lightweight Charts.md","08_lightweight-charts-docs-api"
"Knowledge_Hub.md","08_lightweight-charts-docs-api"
"Lightweight Charts.md","08_lightweight-charts-docs-api"
